[
	{
		"name": "All Stars",
		"address": "2214 Sumner Ave  Aberdeen, WA 98520",
		"city": "Aberdeen",
		"state": "WA",
		"phone": "360-986-5999",
		"cords": [
			-123.843915,
			46.976233
		],
		"picture": "",
		"agentCount": 4,
		"totalTransactions": 28,
		"totalMoneyGrossed": 4748725
	},
	{
		"name": "Boise",
		"address": "7709 West Overland Road Suite #150 Boise, ID 83709",
		"city": "Boise",
		"state": "ID",
		"phone": "208-375-3750",
		"cords": [
			-116.266234,
			43.589528
		],
		"picture": "",
		"agentCount": 24,
		"totalTransactions": 135,
		"totalMoneyGrossed": 35760447.51
	},
	{
		"name": "Brentwood",
		"address": "2510 Sand Creek Road  Brentwood, CA 94513",
		"city": "Brentwood",
		"state": "CA",
		"phone": "925-978-1100",
		"cords": [
			-121.739004,
			37.940994
		],
		"picture": "https://rog-zone-vendors.s3.amazonaws.com/136380_avatar_20190226150915.png",
		"agentCount": 85,
		"totalTransactions": 698,
		"totalMoneyGrossed": 322484761.9
	},
	{
		"name": "Campbell",
		"address": "651 W. Hamilton Ave. Suite 1000 Campbell, CA 95008",
		"city": "Campbell",
		"state": "CA",
		"phone": "408-377-2700",
		"cords": [
			-121.961883,
			37.294655
		],
		"picture": "",
		"agentCount": 125,
		"totalTransactions": 584,
		"totalMoneyGrossed": 559878392.16
	},
	{
		"name": "Capital",
		"address": "7925 Jones Branch Dr 4275 McLean, VA 22102",
		"city": "McLean",
		"state": "VA",
		"phone": "703-214-5100",
		"cords": [
			-77.21894,
			38.926093
		],
		"picture": "https://rog-zone-vendors.s3.amazonaws.com/212651_avatar_20181217092711.png",
		"agentCount": 43,
		"totalTransactions": 138,
		"totalMoneyGrossed": 51515252
	},
	{
		"name": "Carlsbad",
		"address": "2710 Loker Avenue W Suite 370 Carlsbad, CA 92010",
		"city": "Carlsbad",
		"state": "CA",
		"phone": "760-607-3230",
		"cords": [
			-117.260185,
			33.132391
		],
		"picture": "https://rog-zone-vendors.s3.amazonaws.com/223693_avatar_20190528121716.png",
		"agentCount": 0,
		"totalTransactions": 1,
		"totalMoneyGrossed": 250000
	},
	{
		"name": "Cascadia",
		"address": "2004 SE 192nd Ave Suite 100 Vancouver, WA 98683",
		"city": "Vancouver",
		"state": "WA",
		"phone": "360-891-0100",
		"cords": [
			-122.47648,
			45.60633
		],
		"picture": "",
		"agentCount": 137,
		"totalTransactions": 625,
		"totalMoneyGrossed": 239296217
	},
	{
		"name": "Choice- Andover",
		"address": "1893 Station Pkwy NW  Andover, MN 55304",
		"city": "Andover",
		"state": "MN",
		"phone": "763-400-3680",
		"cords": [
			-93.312101,
			45.217153
		],
		"picture": "https://rog-zone-vendors.s3.amazonaws.com/8_avatar_20190308125008.png",
		"agentCount": 58,
		"totalTransactions": 428,
		"totalMoneyGrossed": 115197899.88
	},
	{
		"name": "Choice- Minneapolis",
		"address": "807 Broadway St NE Ste: 144 Minneapolis , MN 55413",
		"city": "Minneapolis ",
		"state": "MN",
		"phone": "612-749-8404",
		"cords": [
			-93.250525,
			44.999572
		],
		"picture": "",
		"agentCount": 2,
		"totalTransactions": 3,
		"totalMoneyGrossed": 761500
	},
	{
		"name": "Clifton",
		"address": "600 Getty Ave, 3rd Floor 302 Clifton, NJ 07011",
		"city": "Clifton",
		"state": "NJ",
		"phone": "973-772-0660",
		"cords": [
			-74.150095,
			40.889132
		],
		"picture": "https://rog-zone-vendors.s3.amazonaws.com/8_avatar_20190604130711.png",
		"agentCount": 83,
		"totalTransactions": 350,
		"totalMoneyGrossed": 99992177
	},
	{
		"name": "Coastal",
		"address": "1510 Old Trolley Road  Summerville, SC 29485",
		"city": "Summerville",
		"state": "SC",
		"phone": "843-972-9450",
		"cords": [
			-80.169455,
			32.96925
		],
		"picture": "https://rog-zone-vendors.s3.amazonaws.com/8_avatar_20190214152959.png",
		"agentCount": 88,
		"totalTransactions": 534,
		"totalMoneyGrossed": 123356418
	},
	{
		"name": "Coastal Mount Pleasant",
		"address": "654 Coleman Blvd. Suite 100 Mt. Pleasant, SC 29464",
		"city": "Mt. Pleasant",
		"state": "SC",
		"phone": "843-405-3535",
		"cords": [
			-79.872222,
			32.791637
		],
		"picture": "",
		"agentCount": 34,
		"totalTransactions": 196,
		"totalMoneyGrossed": 58969603
	},
	{
		"name": "Compass",
		"address": "513 Sabattus Lewiston, ME 04240 ",
		"city": "Lewiston",
		"state": "ME",
		"phone": "207-312-9182",
		"cords": [
			-70.188566,
			44.101677
		],
		"picture": "",
		"agentCount": 5,
		"totalTransactions": 3,
		"totalMoneyGrossed": 502500
	},
	{
		"name": "Complete - Rocklin",
		"address": "1150 Sunset Blvd Suite 150 Rocklin, CA 95765",
		"city": "Rocklin",
		"state": "CA",
		"phone": "916-435-0404",
		"cords": [
			-121.286067,
			38.812008
		],
		"picture": "",
		"agentCount": 286,
		"totalTransactions": 3088,
		"totalMoneyGrossed": 1288515559.53
	},
	{
		"name": "Connect",
		"address": "401 Monroe Turnpike Suite E8 Monroe, CT 06468",
		"city": "Monroe",
		"state": "CT",
		"phone": "203-590-1111",
		"cords": [
			-73.221924,
			41.309096
		],
		"picture": "https://rog-zone-vendors.s3.amazonaws.com/198974_avatar_20190801064750.png",
		"agentCount": 73,
		"totalTransactions": 517,
		"totalMoneyGrossed": 121228654.08
	},
	{
		"name": "Corporate",
		"address": "23811 Aliso Creek Road Suite 181 Laguna Niguel, CA 92677",
		"city": "Laguna Niguel",
		"state": "CA",
		"phone": "949-596-4300",
		"cords": [
			-117.713317,
			33.555579
		],
		"picture": "https://rog-zone-vendors.s3.amazonaws.com/8_avatar_20190214161218.png",
		"agentCount": 15,
		"totalTransactions": 35,
		"totalMoneyGrossed": 23871695
	},
	{
		"name": "Cupertino",
		"address": "19450 Stevens Creek Blvd., 200 Cupertino, CA 95014",
		"city": "Cupertino",
		"state": "CA",
		"phone": "408-255-3978",
		"cords": [
			-122.0133,
			37.32258
		],
		"picture": "",
		"agentCount": 69,
		"totalTransactions": 398,
		"totalMoneyGrossed": 561990582
	},
	{
		"name": "Dallas",
		"address": "2919 Welborn St Ste 105 Dallas, TX 75219",
		"city": "Dallas",
		"state": "TX",
		"phone": "214-599-8008",
		"cords": [
			-96.809381,
			32.807458
		],
		"picture": "https://rog-zone-vendors.s3.amazonaws.com/8_avatar_20190214152712.png",
		"agentCount": 1,
		"totalTransactions": 83,
		"totalMoneyGrossed": 19699292.8
	},
	{
		"name": "Diamond",
		"address": "2135 N Bellflower Blvd Long Beach, CA 90815",
		"city": "Long Beach",
		"state": "CA",
		"phone": "562-444-8940",
		"cords": [
			-118.125674,
			33.794865
		],
		"picture": "https://rog-zone-vendors.s3.amazonaws.com/208696_avatar_20190610161150.png",
		"agentCount": 92,
		"totalTransactions": 492,
		"totalMoneyGrossed": 251850870.75
	},
	{
		"name": "Dockside Murrells Inlet",
		"address": "4440 Highway 17 Bypass Suite A1 Murrells Inlet, SC 29576",
		"city": "Murrells Inlet",
		"state": "SC",
		"phone": "843-357-4030",
		"cords": [
			-79.046612,
			33.554095
		],
		"picture": "",
		"agentCount": 90,
		"totalTransactions": 822,
		"totalMoneyGrossed": 152267756.4
	},
	{
		"name": "Dockside Myrtle Beach",
		"address": "4209 Mayfair Street Suite A Myrtle Beach, SC 29577",
		"city": "Myrtle Beach",
		"state": "SC",
		"phone": "843-492-4030",
		"cords": [
			-78.862985,
			33.726831
		],
		"picture": "",
		"agentCount": 109,
		"totalTransactions": 874,
		"totalMoneyGrossed": 158365121.07
	},
	{
		"name": "Dockside N Myrtle Beach",
		"address": "2120 Sea Mountain Hwy Suite 2102 North Myrtle Beach, SC 29582",
		"city": "North Myrtle Beach",
		"state": "SC",
		"phone": "843-663-4030",
		"cords": [
			-78.657693,
			33.850738
		],
		"picture": "",
		"agentCount": 41,
		"totalTransactions": 399,
		"totalMoneyGrossed": 77200398.5
	},
	{
		"name": "Downey, CA",
		"address": "9001 Firestone Blvd Downey, CA 90241",
		"city": "Downey",
		"state": "CA",
		"phone": "562-228-4900",
		"cords": [
			-118.123468,
			33.935757
		],
		"picture": "",
		"agentCount": 54,
		"totalTransactions": 153,
		"totalMoneyGrossed": 69677451
	},
	{
		"name": "Dream Columbus",
		"address": "436 Washington Columbus, IN 47201",
		"city": "Columbus",
		"state": "IN",
		"phone": "812-344-3480",
		"cords": [
			-85.92149,
			39.2033
		],
		"picture": "",
		"agentCount": 1,
		"totalTransactions": 7,
		"totalMoneyGrossed": 1679300
	},
	{
		"name": "Eclipse",
		"address": "1414 W Garland Ave Suite 100 Spokane, WA 99205",
		"city": "Spokane",
		"state": "WA",
		"phone": "509-327-2238",
		"cords": [
			-117.43269,
			47.693636
		],
		"picture": "https://rog-zone-vendors.s3.amazonaws.com/8_avatar_20190214153131.png",
		"agentCount": 41,
		"totalTransactions": 212,
		"totalMoneyGrossed": 49004414
	},
	{
		"name": "Edge",
		"address": "625 Molly Ln Suite 140 Woodstock, GA 30189",
		"city": "Woodstock",
		"state": "GA",
		"phone": "678-953-2688",
		"cords": [
			-84.540925,
			34.077608
		],
		"picture": "",
		"agentCount": 113,
		"totalTransactions": 540,
		"totalMoneyGrossed": 141571060.08
	},
	{
		"name": "El Paso",
		"address": "4509 Osborne Dr El Paso, TX 79922",
		"city": "El Paso",
		"state": "TX",
		"phone": "915-231-1225",
		"cords": [
			-106.56887,
			31.82945
		],
		"picture": "",
		"agentCount": 75,
		"totalTransactions": 753,
		"totalMoneyGrossed": 145179217.92
	},
	{
		"name": "Emerald",
		"address": "105 Galleria Fair San Antonio, TX 78232",
		"city": "San Antonio",
		"state": "TX",
		"phone": "210-729-5770",
		"cords": [
			-98.476744,
			29.588159
		],
		"picture": "",
		"agentCount": 53,
		"totalTransactions": 167,
		"totalMoneyGrossed": 26878681
	},
	{
		"name": "Eminence",
		"address": "5560 Longley Lane Reno, NV 89511",
		"city": "Reno",
		"state": "NV",
		"phone": "7755449262",
		"cords": [
			-119.767052,
			39.468333
		],
		"picture": "",
		"agentCount": 14,
		"totalTransactions": 18,
		"totalMoneyGrossed": 7632000
	},
	{
		"name": "Encompass",
		"address": "6639 West 135th St Overland Park, KS 66223",
		"city": "Overland Park",
		"state": "KS",
		"phone": "913-897-8244",
		"cords": [
			-94.661811,
			38.8833
		],
		"picture": "https://rog-zone-vendors.s3.amazonaws.com/8_avatar_20190528173231.png",
		"agentCount": 33,
		"totalTransactions": 51,
		"totalMoneyGrossed": 12468288
	},
	{
		"name": "Evolution Doral",
		"address": "2822 NW 79th Ave Miami, FL 33122",
		"city": "Miami",
		"state": "FL",
		"phone": "786-477-4715",
		"cords": [
			-80.325143,
			25.799715
		],
		"picture": "",
		"agentCount": 146,
		"totalTransactions": 485,
		"totalMoneyGrossed": 65091405.68
	},
	{
		"name": "Evolution Pembroke Pines",
		"address": "1911 NW 150th  Suite 102 Pembroke Pines, FL 33028",
		"city": "Pembroke Pines ",
		"state": "FL",
		"phone": "786-477-4715",
		"cords": [
			-80.3472,
			26.02501
		],
		"picture": "",
		"agentCount": 29,
		"totalTransactions": 69,
		"totalMoneyGrossed": 6898669
	},
	{
		"name": "Excel",
		"address": "600 N. Commons Dr. Suite 107 Aurora, IL 60504",
		"city": "Aurora",
		"state": "IL",
		"phone": "630-528-3900",
		"cords": [
			-88.220517,
			41.76781
		],
		"picture": "",
		"agentCount": 4,
		"totalTransactions": 59,
		"totalMoneyGrossed": 3782867
	},
	{
		"name": "Excellence",
		"address": "1829 Reisterstown Rd 350 Pikesville, MD 21208",
		"city": "Pikesville",
		"state": "MD",
		"phone": "443-233-6156",
		"cords": [
			-76.738009,
			39.389275
		],
		"picture": "",
		"agentCount": 46,
		"totalTransactions": 236,
		"totalMoneyGrossed": 43864431
	},
	{
		"name": "Exclusive",
		"address": "1885 Swamp Pike  Suite 109 Gilbertsville, PA 19525",
		"city": "Gilbertsville",
		"state": "PA",
		"phone": "484-436-1051",
		"cords": [
			-75.589416,
			40.302404
		],
		"picture": "https://rog-zone-vendors.s3.amazonaws.com/227187_avatar_20190808111055.png",
		"agentCount": 17,
		"totalTransactions": 35,
		"totalMoneyGrossed": 7075440
	},
	{
		"name": "Experts",
		"address": "1235 Birch Street Suite 1 Helena, MT 59602",
		"city": "Helena",
		"state": "MT",
		"phone": "406-449-3840",
		"cords": [
			-112.019321,
			46.611136
		],
		"picture": "",
		"agentCount": 0,
		"totalTransactions": 4,
		"totalMoneyGrossed": 875000
	},
	{
		"name": "First Choice",
		"address": "2717 Commerce St Dallas, TX 75226",
		"city": "Dallas",
		"state": "TX",
		"phone": "214-814-0702",
		"cords": [
			-96.783395,
			32.783365
		],
		"picture": "",
		"agentCount": 15,
		"totalTransactions": 26,
		"totalMoneyGrossed": 5386015
	},
	{
		"name": "Five Star",
		"address": "480 S Holly St Denver, CO 80246",
		"city": "Denver",
		"state": "CO",
		"phone": "303-377-8100",
		"cords": [
			-104.922063,
			39.707924
		],
		"picture": "https://rog-zone-vendors.s3.amazonaws.com/198918_avatar_20190115154725.png",
		"agentCount": 28,
		"totalTransactions": 115,
		"totalMoneyGrossed": 49748722
	},
	{
		"name": "Flagstaff",
		"address": "2076 S Woodlands Village Blvd #101 Flagstaff, AZ 86001",
		"city": "Flagstaff",
		"state": "AZ",
		"phone": "928-774-3392",
		"cords": [
			-111.667423,
			35.181983
		],
		"picture": "https://rog-zone-vendors.s3.amazonaws.com/8_avatar_20190214155335.png",
		"agentCount": 92,
		"totalTransactions": 875,
		"totalMoneyGrossed": 290664175.4
	},
	{
		"name": "Fourpoints",
		"address": "5601 19th St Unit B Greeley, CO 80634",
		"city": "Greeley",
		"state": "CO",
		"phone": "970-573-5880",
		"cords": [
			-104.770822,
			40.407794
		],
		"picture": "https://rog-zone-vendors.s3.amazonaws.com/8_avatar_20190214153231.png",
		"agentCount": 32,
		"totalTransactions": 383,
		"totalMoneyGrossed": 120989518
	},
	{
		"name": "Fox",
		"address": "11 Town Square Place Suite C Vacaville, CA 95688",
		"city": "Vacaville",
		"state": "CA",
		"phone": "707-448-6119",
		"cords": [
			-121.987444,
			38.356917
		],
		"picture": "https://rog-zone-vendors.s3.amazonaws.com/222373_avatar_20190125151733.png",
		"agentCount": 46,
		"totalTransactions": 162,
		"totalMoneyGrossed": 72096533
	},
	{
		"name": "Freedom",
		"address": "355 Woodruff Road Ste # 110, Greenville, SC 29607",
		"city": "Greenville",
		"state": "SC",
		"phone": "864-877-6111",
		"cords": [
			-82.341002,
			34.834668
		],
		"picture": "",
		"agentCount": 43,
		"totalTransactions": 194,
		"totalMoneyGrossed": 34375123
	},
	{
		"name": "Fremont",
		"address": "42820 Albrae st Fremont, CA 94538",
		"city": "Fremont",
		"state": "CA",
		"phone": "510- 651-7111",
		"cords": [
			-121.973384,
			37.507991
		],
		"picture": "",
		"agentCount": 64,
		"totalTransactions": 543,
		"totalMoneyGrossed": 476813222
	},
	{
		"name": "Future San Ramon",
		"address": "2355 San Ramon Valley Blvd Suite 100 San Ramon, CA 94583",
		"city": "San Ramon",
		"state": "CA",
		"phone": "925-230-0700",
		"cords": [
			-121.9788,
			37.77654
		],
		"picture": "",
		"agentCount": 155,
		"totalTransactions": 1106,
		"totalMoneyGrossed": 741171359.11
	},
	{
		"name": "Gable and Grace",
		"address": "3008 S Sunnylane Rd. Suite A Moore, OK 73160",
		"city": "Moore",
		"state": "OK",
		"phone": "405-406-6434",
		"cords": [
			-97.440732,
			35.308512
		],
		"picture": "",
		"agentCount": 5,
		"totalTransactions": 95,
		"totalMoneyGrossed": 20491710
	},
	{
		"name": "Gilbert",
		"address": "3530 S. Val Vista Dr. Ste. 114 Gilbert, AZ 85297",
		"city": "Gilbert",
		"state": "AZ",
		"phone": "480-321-8100",
		"cords": [
			-111.757651,
			33.285905
		],
		"picture": "https://rog-zone-vendors.s3.amazonaws.com/8_avatar_20190214155406.png",
		"agentCount": 483,
		"totalTransactions": 4700,
		"totalMoneyGrossed": 1258622702.17
	},
	{
		"name": "Glendale",
		"address": "17235 N. 75th Ave Ste. C-190 Glendale, AZ 85308",
		"city": "Glendale",
		"state": "AZ",
		"phone": "623-236-1414",
		"cords": [
			-112.218713,
			33.641025
		],
		"picture": "https://rog-zone-vendors.s3.amazonaws.com/8_avatar_20190214155511.png",
		"agentCount": 494,
		"totalTransactions": 5762,
		"totalMoneyGrossed": 1434554996.21
	},
	{
		"name": "Glendora",
		"address": "1345 S Grand Ave Glendora, CA 91740",
		"city": "Glendora",
		"state": "CA",
		"phone": "626-650-0370",
		"cords": [
			-117.87395,
			34.115103
		],
		"picture": "https://rog-zone-vendors.s3.amazonaws.com/8_avatar_20190214155558.png",
		"agentCount": 81,
		"totalTransactions": 358,
		"totalMoneyGrossed": 160172351.52
	},
	{
		"name": "Gold Standard",
		"address": "375 Valley Brook Road McMurray, PA 15317",
		"city": "McMurray",
		"state": "PA",
		"phone": "724-941-1427",
		"cords": [
			-80.093402,
			40.282576
		],
		"picture": "https://rog-zone-vendors.s3.amazonaws.com/8_avatar_20190214153158.png",
		"agentCount": 61,
		"totalTransactions": 959,
		"totalMoneyGrossed": 179900417.97
	},
	{
		"name": "Gold Standard Pittsburgh",
		"address": "6425 Living Place Suite 200 Pittsburgh, PA 15206",
		"city": "Pittsburgh",
		"state": "PA",
		"phone": "412-450-6070",
		"cords": [
			-79.917149,
			40.456884
		],
		"picture": "",
		"agentCount": 19,
		"totalTransactions": 225,
		"totalMoneyGrossed": 40080921
	},
	{
		"name": "Gold Standard Wexford",
		"address": "11171 Perry Hwy Wexford, PA 15090",
		"city": "Wexford",
		"state": "PA",
		"phone": "724-941-1427",
		"cords": [
			-80.055533,
			40.620191
		],
		"picture": "",
		"agentCount": 16,
		"totalTransactions": 59,
		"totalMoneyGrossed": 11910300
	},
	{
		"name": "Goldmark",
		"address": "20 N. Main Street Suite 104 St. George, UT 84770",
		"city": "St. George",
		"state": "UT",
		"phone": "435-602-4141",
		"cords": [
			-113.58312,
			37.1085
		],
		"picture": "https://rog-zone-vendors.s3.amazonaws.com/225842_avatar_20190520172101.png",
		"agentCount": 27,
		"totalTransactions": 63,
		"totalMoneyGrossed": 23120949
	},
	{
		"name": "Goodyear",
		"address": "2950 N. Litchfield Rd Goodyear, AZ 85395",
		"city": "Goodyear",
		"state": "AZ",
		"phone": "623-552-3773",
		"cords": [
			-112.359715,
			33.479118
		],
		"picture": "https://rog-zone-vendors.s3.amazonaws.com/8_avatar_20190214155628.png",
		"agentCount": 435,
		"totalTransactions": 5003,
		"totalMoneyGrossed": 1259186209.35
	},
	{
		"name": "Green Valley",
		"address": "2831 St. Rose Parkway Ste. 100 Henderson, NV 89052",
		"city": "Henderson",
		"state": "NV",
		"phone": "702-898-7575",
		"cords": [
			-115.113375,
			36.008428
		],
		"picture": "https://rog-zone-vendors.s3.amazonaws.com/8_avatar_20190214155717.png",
		"agentCount": 316,
		"totalTransactions": 4817,
		"totalMoneyGrossed": 1241538517.22
	},
	{
		"name": "Greener Side",
		"address": "2921 Wakefield Crossing Raleigh, NC 27614",
		"city": "Raleigh",
		"state": "NC",
		"phone": "919-780-9342",
		"cords": [
			-78.557701,
			35.938147
		],
		"picture": "",
		"agentCount": 5,
		"totalTransactions": 6,
		"totalMoneyGrossed": 1623100
	},
	{
		"name": "Hesperia",
		"address": "13330 Ranchero Road Suite 12 Oak Hills, CA 92344",
		"city": "Oak Hills",
		"state": "CA",
		"phone": "760-407-6444",
		"cords": [
			-117.371077,
			34.383913
		],
		"picture": "https://rog-zone-vendors.s3.amazonaws.com/8_avatar_20190214113911.png",
		"agentCount": 64,
		"totalTransactions": 1066,
		"totalMoneyGrossed": 280639951
	},
	{
		"name": "Houston Iconic",
		"address": "23919 Gosling Rd B Spring, TX 77389",
		"city": "Spring",
		"state": "TX",
		"phone": "281-826-1156",
		"cords": [
			-95.50771,
			30.112478
		],
		"picture": "https://rog-zone-vendors.s3.amazonaws.com/207432_avatar_20190729204128.png",
		"agentCount": 48,
		"totalTransactions": 268,
		"totalMoneyGrossed": 58003415.55
	},
	{
		"name": "Impact",
		"address": "140 S 68 St 1105 West Des Moines, IA 50266",
		"city": "West Des Moines",
		"state": "IA",
		"phone": "5154467524",
		"cords": [
			-93.79811,
			41.567934
		],
		"picture": "https://rog-zone-vendors.s3.amazonaws.com/8_avatar_20190214155029.png",
		"agentCount": 75,
		"totalTransactions": 297,
		"totalMoneyGrossed": 67304345.5
	},
	{
		"name": "Inclusion",
		"address": "7025 Hodgson Memorial Drive  Savannah, GA 31406",
		"city": "Savannah",
		"state": "GA",
		"phone": "(912) 298-7200",
		"cords": [
			-81.109242,
			32.009948
		],
		"picture": "",
		"agentCount": 14,
		"totalTransactions": 37,
		"totalMoneyGrossed": 9137186
	},
	{
		"name": "Infinity Fresno",
		"address": "7675 N Ingram Ave Suite 101 Fresno, CA 93711",
		"city": "Fresno",
		"state": "CA",
		"phone": "408-377-2700",
		"cords": [
			-119.802176,
			36.849052
		],
		"picture": "",
		"agentCount": 15,
		"totalTransactions": 123,
		"totalMoneyGrossed": 32552768
	},
	{
		"name": "Innovation",
		"address": "7751 N Military Trl Suite 3 West Palm Beach, FL 33410",
		"city": "West Palm Beach",
		"state": "FL",
		"phone": "561-501-0055",
		"cords": [
			-80.107576,
			26.79082
		],
		"picture": "",
		"agentCount": 35,
		"totalTransactions": 249,
		"totalMoneyGrossed": 48123991
	},
	{
		"name": "Insider",
		"address": "B, 4805-50 Avenue Leduc, CA 92677",
		"city": "Leduc",
		"state": "CA",
		"phone": "587-671-0888",
		"cords": [
			-113.542038,
			53.342419
		],
		"picture": "",
		"agentCount": 5,
		"totalTransactions": 32,
		"totalMoneyGrossed": 14370249
	},
	{
		"name": "Inspiration",
		"address": "6965 Piazza Grande Ave #406 Orlando, FL 32835",
		"city": "Orlando",
		"state": "FL",
		"phone": "321-233-2300",
		"cords": [
			-81.481704,
			28.516963
		],
		"picture": "",
		"agentCount": 26,
		"totalTransactions": 69,
		"totalMoneyGrossed": 15774827
	},
	{
		"name": "Integrity",
		"address": "7445 N Oracle Rd #201 Tucson, AZ 85704",
		"city": "Tucson",
		"state": "AZ",
		"phone": "(520) 447-5922",
		"cords": [
			-110.978225,
			32.297219
		],
		"picture": "",
		"agentCount": 23,
		"totalTransactions": 50,
		"totalMoneyGrossed": 10724610
	},
	{
		"name": "Intermountain",
		"address": "2431 Jafer Ct Idaho Falls, ID 83404",
		"city": "Idaho Falls",
		"state": "ID",
		"phone": "208-346-7606",
		"cords": [
			-111.985632,
			43.463145
		],
		"picture": "",
		"agentCount": 7,
		"totalTransactions": 78,
		"totalMoneyGrossed": 17589577.62
	},
	{
		"name": "Kapital",
		"address": "5205 N Ironwood Road 104 Glendale, WI 53217",
		"city": "Glendale",
		"state": "WI",
		"phone": "414-351-1628",
		"cords": [
			-87.91855,
			43.110954
		],
		"picture": "",
		"agentCount": 9,
		"totalTransactions": 188,
		"totalMoneyGrossed": 17429220
	},
	{
		"name": "Kingman",
		"address": "2635 Kingman Ave. Unit B Kingman, AZ 86401",
		"city": "Kingman",
		"state": "AZ",
		"phone": "928-753-0430",
		"cords": [
			-114.019276,
			35.20903
		],
		"picture": "https://rog-zone-vendors.s3.amazonaws.com/8_avatar_20190214155049.png",
		"agentCount": 34,
		"totalTransactions": 447,
		"totalMoneyGrossed": 61104107
	},
	{
		"name": "Lake Havasu",
		"address": "1971 McCulloch Blvd N Suite 102 Lake Havasu City, AZ 86403",
		"city": "Lake Havasu City",
		"state": "AZ",
		"phone": "928-680-7350",
		"cords": [
			-114.333075,
			34.477624
		],
		"picture": "https://rog-zone-vendors.s3.amazonaws.com/8_avatar_20190214154706.png",
		"agentCount": 107,
		"totalTransactions": 1620,
		"totalMoneyGrossed": 432775181.26
	},
	{
		"name": "Legacy",
		"address": "601 New Britain Road Building 100 Doylestown, PA 18901",
		"city": "Doylestown",
		"state": "PA",
		"phone": "215-234-7645",
		"cords": [
			-75.12934,
			40.292854
		],
		"picture": "https://rog-zone-vendors.s3.amazonaws.com/8_avatar_20190214155008.png",
		"agentCount": 49,
		"totalTransactions": 857,
		"totalMoneyGrossed": 257015316.44
	},
	{
		"name": "Liberty",
		"address": "2936 Breezewood Avenue Suite 100 Fayetteville, NC 28303",
		"city": "Fayetteville",
		"state": "NC",
		"phone": "910-920-2327",
		"cords": [
			-78.925936,
			35.044218
		],
		"picture": "",
		"agentCount": 13,
		"totalTransactions": 27,
		"totalMoneyGrossed": 4313011
	},
	{
		"name": "Lone Tree",
		"address": "8600 Park Meadows Drive 300 Lone Tree, CO 80124",
		"city": "Lone Tree",
		"state": "CO",
		"phone": "303-798-4300",
		"cords": [
			-104.890195,
			39.560259
		],
		"picture": "https://rog-zone-vendors.s3.amazonaws.com/8_avatar_20190214152618.png",
		"agentCount": 191,
		"totalTransactions": 1667,
		"totalMoneyGrossed": 761846213.91
	},
	{
		"name": "Longview",
		"address": "1322 Commerce Ave Longview, WA 98632",
		"city": "Longview",
		"state": "WA",
		"phone": "360-232-8777",
		"cords": [
			-122.93381,
			46.137535
		],
		"picture": "https://rog-zone-vendors.s3.amazonaws.com/207441_avatar_20181214190548.png",
		"agentCount": 25,
		"totalTransactions": 207,
		"totalMoneyGrossed": 55839248.33
	},
	{
		"name": "Lutz",
		"address": "24814 FL-54 Lutz, FL 33559",
		"city": "Lutz",
		"state": "FL",
		"phone": "813-909-0909",
		"cords": [
			-82.406829,
			28.185206
		],
		"picture": "https://rog-zone-vendors.s3.amazonaws.com/8_avatar_20181210195611.png",
		"agentCount": 43,
		"totalTransactions": 147,
		"totalMoneyGrossed": 34882034
	},
	{
		"name": "Meridian",
		"address": "2058 E. Franklin Road Suite 100 Meridian, ID 83642",
		"city": "Meridian",
		"state": "ID",
		"phone": "208-375-3750",
		"cords": [
			-116.368806,
			43.605289
		],
		"picture": "",
		"agentCount": 21,
		"totalTransactions": 243,
		"totalMoneyGrossed": 64601195
	},
	{
		"name": "Mid Wilshire",
		"address": "3700 Wilshire Blvd Suite 1008 Mid Wilshire, CA 90010",
		"city": "Mid Wilshire",
		"state": "CA",
		"phone": "213-550-7070",
		"cords": [
			-118.307227,
			34.060546
		],
		"picture": "",
		"agentCount": 33,
		"totalTransactions": 36,
		"totalMoneyGrossed": 18591090
	},
	{
		"name": "Mission Valley",
		"address": "2655 Camino del Rio North Ste 320  San Diego , CA 92108",
		"city": "San Diego ",
		"state": "CA",
		"phone": "619.452.3280",
		"cords": [
			-117.134574,
			32.772445
		],
		"picture": "https://rog-zone-vendors.s3.amazonaws.com/194969_avatar_20190730105534.png",
		"agentCount": 19,
		"totalTransactions": 206,
		"totalMoneyGrossed": 95595083
	},
	{
		"name": "Modesto",
		"address": "313 Banner Ct Suite A Modesto, CA 95356",
		"city": "Modesto",
		"state": "CA",
		"phone": "209-664-9200",
		"cords": [
			-120.997896,
			37.703348
		],
		"picture": "https://rog-zone-vendors.s3.amazonaws.com/8_avatar_20190214160208.png",
		"agentCount": 22,
		"totalTransactions": 305,
		"totalMoneyGrossed": 90194411
	},
	{
		"name": "Momentum",
		"address": "582 Lynnhaven Pkwy Suite 201 Virginia Beach, VA 23452",
		"city": "Virginia Beach",
		"state": "VA",
		"phone": "757-803-3359",
		"cords": [
			-76.066134,
			36.830619
		],
		"picture": "https://rog-zone-vendors.s3.amazonaws.com/191221_avatar_20190703075745.png",
		"agentCount": 31,
		"totalTransactions": 338,
		"totalMoneyGrossed": 66301652
	},
	{
		"name": "Mountain Desert - Chino Valley",
		"address": "901 S. State Route 89 Chino Valley, AZ 86323",
		"city": "Chino Valley",
		"state": "AZ",
		"phone": "928-440-2522",
		"cords": [
			-112.45378,
			34.758409
		],
		"picture": "",
		"agentCount": 9,
		"totalTransactions": 106,
		"totalMoneyGrossed": 19711487.23
	},
	{
		"name": "Mountain Desert - Cottonwood",
		"address": "544 S. 6th Street #102 Cottonwood, AZ 86326",
		"city": "Cottonwood",
		"state": "AZ",
		"phone": "928-862-4035",
		"cords": [
			-112.023249,
			34.728838
		],
		"picture": "https://rog-zone-vendors.s3.amazonaws.com/8_avatar_20190214152728.png",
		"agentCount": 12,
		"totalTransactions": 205,
		"totalMoneyGrossed": 60494597.5
	},
	{
		"name": "Music City",
		"address": "600 A Frazier Drive Suite 123 Franklin, TN 37067",
		"city": "Franklin",
		"state": "TN",
		"phone": "615-636-8244",
		"cords": [
			-86.821242,
			35.945524
		],
		"picture": "",
		"agentCount": 65,
		"totalTransactions": 252,
		"totalMoneyGrossed": 76982846.08
	},
	{
		"name": "North Scottsdale",
		"address": "17550 North Perimeter Drive 160 Scottsdale , AZ 85255",
		"city": "Scottsdale ",
		"state": "AZ",
		"phone": "480-285-0000",
		"cords": [
			-111.898872,
			33.645069
		],
		"picture": "https://rog-zone-vendors.s3.amazonaws.com/8_avatar_20190214160228.png",
		"agentCount": 262,
		"totalTransactions": 3413,
		"totalMoneyGrossed": 1160820292.03
	},
	{
		"name": "Northwest",
		"address": "5550 Painted Mirage Rd. Ste 140  Las Vegas, NV 89149",
		"city": "Las Vegas",
		"state": "NV",
		"phone": "702-898-0101",
		"cords": [
			-115.254957,
			36.261762
		],
		"picture": "https://rog-zone-vendors.s3.amazonaws.com/8_avatar_20190214160258.png",
		"agentCount": 269,
		"totalTransactions": 3287,
		"totalMoneyGrossed": 786874497.63
	},
	{
		"name": "Oakland",
		"address": "3608 Grand Ave. 203 Oakland, CA 94610",
		"city": "Oakland",
		"state": "CA",
		"phone": "510-808-7140",
		"cords": [
			-122.245525,
			37.81521
		],
		"picture": "",
		"agentCount": 0,
		"totalTransactions": 1,
		"totalMoneyGrossed": 402500
	},
	{
		"name": "Opening Doors",
		"address": "4726 N Brady St. Davenport, IA 52806",
		"city": "Davenport",
		"state": "IA",
		"phone": "563-424-3499",
		"cords": [
			-90.56933,
			41.56966
		],
		"picture": "",
		"agentCount": 23,
		"totalTransactions": 88,
		"totalMoneyGrossed": 14286284
	},
	{
		"name": "Pacifica",
		"address": "511 Pacific Ave S Long Beach, WA 98631",
		"city": "Long Beach",
		"state": "WA",
		"phone": "3607771001",
		"cords": [
			-124.054645,
			46.348484
		],
		"picture": null,
		"agentCount": 5,
		"totalTransactions": 22,
		"totalMoneyGrossed": 4137600
	},
	{
		"name": "Palmetto",
		"address": "1231 Columbia Ave Irmo, SC 29063",
		"city": "Irmo",
		"state": "SC",
		"phone": "803-470-1008",
		"cords": [
			-81.180195,
			34.084908
		],
		"picture": "",
		"agentCount": 21,
		"totalTransactions": 79,
		"totalMoneyGrossed": 11763556
	},
	{
		"name": "Paradise Valley",
		"address": "11211 N. Tatum Boulevard Ste. 120 Phoenix, AZ 85028",
		"city": "Phoenix",
		"state": "AZ",
		"phone": "602-953-4000",
		"cords": [
			-111.977109,
			33.588291
		],
		"picture": "https://rog-zone-vendors.s3.amazonaws.com/8_avatar_20190214160337.png",
		"agentCount": 308,
		"totalTransactions": 3334,
		"totalMoneyGrossed": 1045865929.81
	},
	{
		"name": "Platinum",
		"address": "427 Cochran Rd Pittsburgh, PA 15228",
		"city": "Pittsburgh",
		"state": "PA",
		"phone": "724-328-0006",
		"cords": [
			-80.052767,
			40.38441
		],
		"picture": "https://rog-zone-vendors.s3.amazonaws.com/8_avatar_20190214154939.png",
		"agentCount": 31,
		"totalTransactions": 121,
		"totalMoneyGrossed": 19934386
	},
	{
		"name": "Prescott",
		"address": "100 E Sheldon St Suite 200 Prescott, AZ 86301",
		"city": "Prescott",
		"state": "AZ",
		"phone": "928-440-2522",
		"cords": [
			-112.468587,
			34.545376
		],
		"picture": "https://rog-zone-vendors.s3.amazonaws.com/8_avatar_20190214160428.png",
		"agentCount": 159,
		"totalTransactions": 1720,
		"totalMoneyGrossed": 511340790.07
	},
	{
		"name": "Prestige",
		"address": "1500 NW 18th Ave Suite 102 Portland, OR 97209",
		"city": "Portland",
		"state": "OR",
		"phone": "503-957-1179",
		"cords": [
			-122.68929,
			45.533887
		],
		"picture": "",
		"agentCount": 101,
		"totalTransactions": 651,
		"totalMoneyGrossed": 258663584
	},
	{
		"name": "Properties",
		"address": "6865 Fairview Rd Suite C Charlotte, NC 28210",
		"city": "Charlotte",
		"state": "NC",
		"phone": "704-935-5575",
		"cords": [
			-80.825365,
			35.147858
		],
		"picture": "https://rog-zone-vendors.s3.amazonaws.com/212645_avatar_20190327091117.png",
		"agentCount": 21,
		"totalTransactions": 56,
		"totalMoneyGrossed": 13153625
	},
	{
		"name": "Prosper",
		"address": "305 Railroad St. Ste A Buda, TX 78610",
		"city": "Buda",
		"state": "TX",
		"phone": "512-523-5663",
		"cords": [
			-97.841092,
			30.083549
		],
		"picture": "https://rog-zone-vendors.s3.amazonaws.com/8_avatar_20190214152903.png",
		"agentCount": 56,
		"totalTransactions": 169,
		"totalMoneyGrossed": 28724050.5
	},
	{
		"name": "Prosper Austin",
		"address": "4021 S Capital of Texas Hwy. Suite C Austin, TX 78704",
		"city": "Austin",
		"state": "TX",
		"phone": "512-465-2033",
		"cords": [
			-97.836521,
			30.222346
		],
		"picture": "https://rog-zone-vendors.s3.amazonaws.com/214856_avatar_20190211074146.png",
		"agentCount": 19,
		"totalTransactions": 56,
		"totalMoneyGrossed": 10183464
	},
	{
		"name": "Prosperity",
		"address": "3800 Red Bank Road Suite C Cincinnati, OH 45227",
		"city": "Cincinnati",
		"state": "OH",
		"phone": "513-635-9897",
		"cords": [
			-84.405469,
			39.155144
		],
		"picture": "https://rog-zone-vendors.s3.amazonaws.com/223433_avatar_20190508103452.png",
		"agentCount": 7,
		"totalTransactions": 4,
		"totalMoneyGrossed": 1055900
	},
	{
		"name": "Rancho Bernardo",
		"address": "11440 West Bernardo Court Suite 100 San Diego, CA 92127",
		"city": "San Diego",
		"state": "CA",
		"phone": "858-925-5940",
		"cords": [
			-117.082795,
			33.022288
		],
		"picture": "https://rog-zone-vendors.s3.amazonaws.com/8_avatar_20190214160451.png",
		"agentCount": 78,
		"totalTransactions": 670,
		"totalMoneyGrossed": 364377143
	},
	{
		"name": "Complete Folsom",
		"address": "950 Iron Point Rd 170 Folsom, CA 95630",
		"city": "Folsom",
		"state": "CA",
		"phone": "916-496-3120",
		"cords": [
			-121.18138,
			38.64304
		],
		"picture": "",
		"agentCount": 69,
		"totalTransactions": 544,
		"totalMoneyGrossed": 242520715
	},
	{
		"name": "Experience",
		"address": "2400 FM 1488 Suite 150 Conroe, TX 77384",
		"city": "Conroe",
		"state": "TX",
		"phone": "936-851-7011",
		"cords": [
			-95.500641,
			30.231892
		],
		"picture": "https://rog-zone-vendors.s3.amazonaws.com/138802_avatar_20181212153844.png",
		"agentCount": 76,
		"totalTransactions": 1068,
		"totalMoneyGrossed": 194292067.125
	},
	{
		"name": "Legacy Fishtown",
		"address": "1214 N. Front Street  Philadelphia, PA 19122",
		"city": "Philadelphia",
		"state": "PA",
		"phone": "215-234-7645",
		"cords": [
			-75.136237,
			39.969194
		],
		"picture": null,
		"agentCount": 12,
		"totalTransactions": 19,
		"totalMoneyGrossed": 5821535
	},
	{
		"name": "Metro",
		"address": "10160-103 Street NW  Edmonton, CA T53 0X6",
		"city": "Edmonton",
		"state": "CA",
		"phone": "780-306-5700",
		"cords": [
			-113.4979,
			53.54246
		],
		"picture": null,
		"agentCount": 6,
		"totalTransactions": 1,
		"totalMoneyGrossed": 1230000
	},
	{
		"name": "Moves",
		"address": "7101 Creedmoor Rd Suite 124 Raleigh, NC 27613",
		"city": "Raleigh",
		"state": "NC",
		"phone": "919-307-4034",
		"cords": [
			-78.679978,
			35.883642
		],
		"picture": "",
		"agentCount": 0,
		"totalTransactions": 1,
		"totalMoneyGrossed": 176500
	},
	{
		"name": "Supreme",
		"address": "515 S West End Blvd 206 Quakertown, PA 18951",
		"city": "Quakertown",
		"state": "PA",
		"phone": "4845317300",
		"cords": [
			-75.350177,
			40.430653
		],
		"picture": null,
		"agentCount": 4,
		"totalTransactions": 2,
		"totalMoneyGrossed": 260000
	},
	{
		"name": "TODAY",
		"address": "608 Main Street  G Pleasanton, CA 94566",
		"city": "Pleasanton",
		"state": "CA",
		"phone": "925-701-8900",
		"cords": [
			-121.875192,
			37.661648
		],
		"picture": "",
		"agentCount": 6,
		"totalTransactions": 9,
		"totalMoneyGrossed": 6017000
	},
	{
		"name": "Regency",
		"address": "1718 Hill Avenue Spirit Lake, IA 51360",
		"city": "Spirit Lake",
		"state": "IA",
		"phone": "712-336-0888",
		"cords": [
			-95.102266,
			43.423648
		],
		"picture": "",
		"agentCount": 5,
		"totalTransactions": 10,
		"totalMoneyGrossed": 2100480
	},
	{
		"name": "Restore",
		"address": "1610 West Main Street Suite 404 Collegeville, PA 19426",
		"city": "Collegeville",
		"state": "PA",
		"phone": "(484)902-8880",
		"cords": [
			-75.482167,
			40.201565
		],
		"picture": "https://rog-zone-vendors.s3.amazonaws.com/222414_avatar_20190514113702.png",
		"agentCount": 45,
		"totalTransactions": 182,
		"totalMoneyGrossed": 36249852.46
	},
	{
		"name": "Results - Greensboro",
		"address": "618 Guilford College Road Suite B Greensboro, NC 27409",
		"city": "Greensboro",
		"state": "NC",
		"phone": "336-907-4018",
		"cords": [
			-79.906344,
			36.064446
		],
		"picture": "",
		"agentCount": 22,
		"totalTransactions": 58,
		"totalMoneyGrossed": 8667030
	},
	{
		"name": "Results - Jefferson",
		"address": "19 Ashe Street West Jefferson, NC 28694",
		"city": "West Jefferson",
		"state": "NC",
		"phone": "336-846-8111",
		"cords": [
			-81.491225,
			36.400823
		],
		"picture": "",
		"agentCount": 17,
		"totalTransactions": 167,
		"totalMoneyGrossed": 26892106.2
	},
	{
		"name": "Results - Salem",
		"address": "150 Charlois Blvd Winston-Salem, NC 27103",
		"city": "Winston-Salem",
		"state": "NC",
		"phone": "336-262-3111",
		"cords": [
			-80.303228,
			36.085
		],
		"picture": "https://rog-zone-vendors.s3.amazonaws.com/8_avatar_20190214153049.png",
		"agentCount": 70,
		"totalTransactions": 359,
		"totalMoneyGrossed": 55003921.78
	},
	{
		"name": "Revolution",
		"address": "301 Post Office Drive C & D Indian Trail, NC 28079",
		"city": "Indian Trail",
		"state": "NC",
		"phone": "704 821-4317",
		"cords": [
			-80.6616,
			35.08083
		],
		"picture": "https://rog-zone-vendors.s3.amazonaws.com/213449_avatar_20190712115701.png",
		"agentCount": 23,
		"totalTransactions": 112,
		"totalMoneyGrossed": 26137670
	},
	{
		"name": "Revolve",
		"address": "1718 Hill Ave Spirit Lake, IA 51360",
		"city": "Spirit Lake",
		"state": "IA",
		"phone": "712-336-0888",
		"cords": [
			-95.102628,
			43.422853
		],
		"picture": "https://rog-zone-vendors.s3.amazonaws.com/236844_avatar_20190719090336.png",
		"agentCount": 5,
		"totalTransactions": 66,
		"totalMoneyGrossed": 9936400
	},
	{
		"name": "Riverside",
		"address": "19322 Jesse Ln Riverside, CA 92508",
		"city": "Riverside",
		"state": "CA",
		"phone": "951-565-8105 ",
		"cords": [
			-117.32728,
			33.90616
		],
		"picture": "https://rog-zone-vendors.s3.amazonaws.com/8_avatar_20190214152651.png",
		"agentCount": 0,
		"totalTransactions": 72,
		"totalMoneyGrossed": 25023988
	},
	{
		"name": "ROG West Anaheim",
		"address": "2300 E. Katella 100 Anaheim, CA 92806",
		"city": "Anaheim",
		"state": "CA",
		"phone": "714-602-2600",
		"cords": [
			-117.883979,
			33.804771
		],
		"picture": "https://rog-zone-vendors.s3.amazonaws.com/8_avatar_20190719205147.png",
		"agentCount": 127,
		"totalTransactions": 759,
		"totalMoneyGrossed": 332270023.1
	},
	{
		"name": "ROG West Corona",
		"address": "1260 Corona Pointe Suite 102 Corona, CA 92879",
		"city": "Corona",
		"state": "CA",
		"phone": "951-547-8400",
		"cords": [
			-117.542055,
			33.86976
		],
		"picture": "https://rog-zone-vendors.s3.amazonaws.com/8_avatar_20190719205644.png",
		"agentCount": 194,
		"totalTransactions": 1398,
		"totalMoneyGrossed": 560541768.26
	},
	{
		"name": "ROG West Huntington Beach",
		"address": "2124 Main Street Suite 220 Huntington Beach, CA 92648",
		"city": "Huntington Beach",
		"state": "CA",
		"phone": "714-274-2720",
		"cords": [
			-117.999827,
			33.680402
		],
		"picture": "https://rog-zone-vendors.s3.amazonaws.com/8_avatar_20190719205719.png",
		"agentCount": 180,
		"totalTransactions": 1046,
		"totalMoneyGrossed": 640471225.39
	},
	{
		"name": "ROG West Irvine",
		"address": "4010 BarrancaPkwy. 120 Irvine, CA 92604",
		"city": "Irvine",
		"state": "CA",
		"phone": "949-783-2400",
		"cords": [
			-117.808359,
			33.682518
		],
		"picture": "https://rog-zone-vendors.s3.amazonaws.com/8_avatar_20190719205542.png",
		"agentCount": 331,
		"totalTransactions": 2824,
		"totalMoneyGrossed": 1656601655.74
	},
	{
		"name": "ROG West Laguna Niguel",
		"address": "23811 Aliso Creek Rd. Suite 181 Laguna Niguel, CA 92677",
		"city": "Laguna Niguel",
		"state": "CA",
		"phone": "919-297-2020",
		"cords": [
			-117.715118,
			33.556223
		],
		"picture": "",
		"agentCount": 149,
		"totalTransactions": 1175,
		"totalMoneyGrossed": 731843081.51
	},
	{
		"name": "ROG West Mission Viejo",
		"address": "27401 Los Altos Suite 100 Mission Viejo, CA 92691",
		"city": "Mission Viejo",
		"state": "CA",
		"phone": "949-783-2500",
		"cords": [
			-117.666081,
			33.564208
		],
		"picture": "https://rog-zone-vendors.s3.amazonaws.com/8_avatar_20190719205827.png",
		"agentCount": 132,
		"totalTransactions": 1160,
		"totalMoneyGrossed": 530495381.85
	},
	{
		"name": "ROG West Rancho Cucamonga",
		"address": "10681 Foothill Blvd. Suite 140 Rancho Cucamonga, CA 91730",
		"city": "Rancho Cucamonga",
		"state": "CA",
		"phone": "909-694-0160",
		"cords": [
			-117.571845,
			34.105876
		],
		"picture": "https://rog-zone-vendors.s3.amazonaws.com/8_avatar_20190719205903.png",
		"agentCount": 130,
		"totalTransactions": 930,
		"totalMoneyGrossed": 373089772.5
	},
	{
		"name": "Sacramento",
		"address": "2335 American River Drive Suite 100 Sacramento, CA 95825",
		"city": "Sacramento",
		"state": "CA",
		"phone": "916-389-1102",
		"cords": [
			-121.409098,
			38.570442
		],
		"picture": "https://rog-zone-vendors.s3.amazonaws.com/8_avatar_20190214161426.png",
		"agentCount": 108,
		"totalTransactions": 1165,
		"totalMoneyGrossed": 433042087.5
	},
	{
		"name": "San Bernardino",
		"address": "325 W. Hospitality Ln. #100 San Bernardino, CA 92408",
		"city": "San Bernardino",
		"state": "CA",
		"phone": "909-891-0858",
		"cords": [
			-117.291914,
			34.066016
		],
		"picture": "",
		"agentCount": 66,
		"totalTransactions": 518,
		"totalMoneyGrossed": 171262689
	},
	{
		"name": "San Clemente",
		"address": "110 E Avenida Palizada 201 San Clemente, CA 92672",
		"city": "San Clemente",
		"state": "CA",
		"phone": "949-397-6011",
		"cords": [
			-117.614454,
			33.430153
		],
		"picture": "",
		"agentCount": 0,
		"totalTransactions": 14,
		"totalMoneyGrossed": 6294400
	},
	{
		"name": "San Mateo",
		"address": "1021 So. El Camino Real 2nd Floor San Mateo, CA 94402",
		"city": "San Mateo",
		"state": "CA",
		"phone": "650-826-1611",
		"cords": [
			-122.318802,
			37.557021
		],
		"picture": "",
		"agentCount": 0,
		"totalTransactions": 58,
		"totalMoneyGrossed": 50287073
	},
	{
		"name": "Scottsdale",
		"address": "7975 N. Hayden Rd. Ste. A-101 Scottsdale, AZ 85258",
		"city": "Scottsdale",
		"state": "AZ",
		"phone": "480-315-1240",
		"cords": [
			-111.897361,
			33.553008
		],
		"picture": "https://rog-zone-vendors.s3.amazonaws.com/8_avatar_20190214160636.png",
		"agentCount": 457,
		"totalTransactions": 3787,
		"totalMoneyGrossed": 1263009430.46
	},
	{
		"name": "Sedona",
		"address": "3150 AZ-89A #4A Sedona, AZ 86336",
		"city": "Sedona",
		"state": "AZ",
		"phone": "928-862-4035",
		"cords": [
			-111.815507,
			34.861785
		],
		"picture": "https://rog-zone-vendors.s3.amazonaws.com/8_avatar_20190214153108.png",
		"agentCount": 46,
		"totalTransactions": 528,
		"totalMoneyGrossed": 163077222.24
	},
	{
		"name": "Select",
		"address": "249 Williamson Rd Suite 200 Mooresville, NC 28117",
		"city": "Mooresville",
		"state": "NC",
		"phone": "704-437-9113",
		"cords": [
			-80.873749,
			35.588202
		],
		"picture": "https://rog-zone-vendors.s3.amazonaws.com/8_avatar_20190214153018.png",
		"agentCount": 53,
		"totalTransactions": 464,
		"totalMoneyGrossed": 117801589
	},
	{
		"name": "Signature",
		"address": "7650 S. Union Park Avenue  Midvale, UT 84047",
		"city": "Midvale",
		"state": "UT",
		"phone": "801-208-3800",
		"cords": [
			-111.855612,
			40.612063
		],
		"picture": "",
		"agentCount": 101,
		"totalTransactions": 1240,
		"totalMoneyGrossed": 486771870.37
	},
	{
		"name": "Signature South Valley",
		"address": "13894 South Bangerter Pkwy. Suite 150 Draper, UT 84020",
		"city": "Draper",
		"state": "UT",
		"phone": "801-208-3800",
		"cords": [
			-111.885708,
			40.498909
		],
		"picture": "",
		"agentCount": 22,
		"totalTransactions": 179,
		"totalMoneyGrossed": 59358326
	},
	{
		"name": "Simplicity",
		"address": "8613 Martin Way E Suite 201 Lacey, WA 98516",
		"city": "Lacey",
		"state": "WA",
		"phone": "360-918-8263",
		"cords": [
			-122.757362,
			47.057915
		],
		"picture": "https://rog-zone-vendors.s3.amazonaws.com/8_avatar_20190214152536.png",
		"agentCount": 5,
		"totalTransactions": 16,
		"totalMoneyGrossed": 4012300
	},
	{
		"name": "Skyline",
		"address": "665 S. Orange Avenue #7 Sarasota, FL 34236",
		"city": "Sarasota",
		"state": "FL",
		"phone": "941-957-3737",
		"cords": [
			-82.538521,
			27.330519
		],
		"picture": "https://rog-zone-vendors.s3.amazonaws.com/8_avatar_20190214154907.png",
		"agentCount": 21,
		"totalTransactions": 117,
		"totalMoneyGrossed": 29636582
	},
	{
		"name": "CA Southwest",
		"address": "41463 Margarita Rd. Suite 100 Temecula, CA 92591",
		"city": "Temecula",
		"state": "CA",
		"phone": "951-216-2000",
		"cords": [
			-117.150991,
			33.522183
		],
		"picture": "https://rog-zone-vendors.s3.amazonaws.com/8_avatar_20190214160843.png",
		"agentCount": 302,
		"totalTransactions": 1853,
		"totalMoneyGrossed": 679378350.82
	},
	{
		"name": "NV Southwest",
		"address": "8395 W Sunset Rd Ste. 190 Las Vegas, NV 89113",
		"city": "Las Vegas",
		"state": "NV",
		"phone": "702-898-1010",
		"cords": [
			-115.27422,
			36.069405
		],
		"picture": "https://rog-zone-vendors.s3.amazonaws.com/8_avatar_20190214161332.png",
		"agentCount": 285,
		"totalTransactions": 4294,
		"totalMoneyGrossed": 1091948255.76
	},
	{
		"name": "St.Louis",
		"address": "219 Main Street  Saint Peters, MO 63376",
		"city": "Saint Peters",
		"state": "MO",
		"phone": "636-614-4888",
		"cords": [
			-90.624505,
			38.801618
		],
		"picture": "https://rog-zone-vendors.s3.amazonaws.com/8_avatar_20190214160617.png",
		"agentCount": 14,
		"totalTransactions": 126,
		"totalMoneyGrossed": 20939997
	},
	{
		"name": "Sterling",
		"address": "254 N 114th St Omaha, NE 68154",
		"city": "Omaha",
		"state": "NE",
		"phone": "",
		"cords": [
			-95.934503,
			41.256537
		],
		"picture": "https://rog-zone-vendors.s3.amazonaws.com/214864_avatar_20190614085149.png",
		"agentCount": 11,
		"totalTransactions": 36,
		"totalMoneyGrossed": 6134250
	},
	{
		"name": "Summerlin",
		"address": "10750 W. Charleston Blvd. Ste. 180 Las Vegas, NV 89135",
		"city": "Las Vegas",
		"state": "NV",
		"phone": "702-898-1221",
		"cords": [
			-115.329449,
			36.159906
		],
		"picture": "https://rog-zone-vendors.s3.amazonaws.com/8_avatar_20190214161256.png",
		"agentCount": 443,
		"totalTransactions": 5419,
		"totalMoneyGrossed": 1593918819.3
	},
	{
		"name": "Synergy",
		"address": "11027 1st Avenue Whittier, CA 90603",
		"city": "Whittier",
		"state": "CA",
		"phone": "562-696-6515",
		"cords": [
			-117.985834,
			33.932706
		],
		"picture": "",
		"agentCount": 43,
		"totalTransactions": 236,
		"totalMoneyGrossed": 122838798
	},
	{
		"name": "Tempe",
		"address": "2141 E. Broadway Rd. Ste. 101 Tempe, AZ 85282",
		"city": "Tempe",
		"state": "AZ",
		"phone": "480-777-4500",
		"cords": [
			-111.894083,
			33.406697
		],
		"picture": "https://rog-zone-vendors.s3.amazonaws.com/8_avatar_20190214160938.png",
		"agentCount": 281,
		"totalTransactions": 3294,
		"totalMoneyGrossed": 844015176.64
	},
	{
		"name": "Thrive",
		"address": "10450 San Jose Blvd #3 Jacksonville, FL 32257",
		"city": "Jacksonville",
		"state": "FL",
		"phone": "904-580-5115",
		"cords": [
			-81.62817,
			30.18866
		],
		"picture": "https://rog-zone-vendors.s3.amazonaws.com/222899_avatar_20190417081422.png",
		"agentCount": 2,
		"totalTransactions": 2,
		"totalMoneyGrossed": 366500
	},
	{
		"name": "Torrance",
		"address": "22939 Hawthorne Blvd 203 Torrance, CA 90505",
		"city": "Torrance",
		"state": "CA",
		"phone": "310-356-0940",
		"cords": [
			-118.351605,
			33.818728
		],
		"picture": "",
		"agentCount": 65,
		"totalTransactions": 15,
		"totalMoneyGrossed": 8901800
	},
	{
		"name": "Turn Key",
		"address": "1302 N I St. Tacoma, WA 98403",
		"city": "Tacoma",
		"state": "WA",
		"phone": "253-756-7200",
		"cords": [
			-122.467199,
			47.267229
		],
		"picture": "https://rog-zone-vendors.s3.amazonaws.com/219100_avatar_20181220162717.png",
		"agentCount": 29,
		"totalTransactions": 105,
		"totalMoneyGrossed": 39806272
	},
	{
		"name": "Unlimited - Lancaster PA",
		"address": "415 N Prince Street Suite 100 Lancaster, PA 17603",
		"city": "Lancaster",
		"state": "PA",
		"phone": "717-569-1700",
		"cords": [
			-76.3085,
			40.044611
		],
		"picture": "https://rog-zone-vendors.s3.amazonaws.com/8_avatar_20190214152459.png",
		"agentCount": 46,
		"totalTransactions": 435,
		"totalMoneyGrossed": 93706848.66
	},
	{
		"name": "Valencia",
		"address": "24251 Town Center Dr Suite 201 Valencia, CA 91355",
		"city": "Valencia",
		"state": "CA",
		"phone": "661-284-7615",
		"cords": [
			-118.559373,
			34.417162
		],
		"picture": "",
		"agentCount": 86,
		"totalTransactions": 595,
		"totalMoneyGrossed": 289308455.57
	},
	{
		"name": "Ventura",
		"address": "940 E. Santa Clara St. Suite 100 Ventura, CA 93001",
		"city": "Ventura",
		"state": "CA",
		"phone": "805-978-5764",
		"cords": [
			-119.286443,
			34.279332
		],
		"picture": "",
		"agentCount": 67,
		"totalTransactions": 413,
		"totalMoneyGrossed": 210690056
	},
	{
		"name": "Vernal",
		"address": "418 E Main St #1 Vernal, UT 84078",
		"city": "Vernal",
		"state": "UT",
		"phone": "435-781-2500",
		"cords": [
			-109.548887,
			40.454031
		],
		"picture": "",
		"agentCount": 22,
		"totalTransactions": 291,
		"totalMoneyGrossed": 56256385
	},
	{
		"name": "Wayne",
		"address": "36 Preakness Shopping Center Wayne, NJ 07470",
		"city": "Wayne",
		"state": "NJ",
		"phone": "973-686-7777",
		"cords": [
			-74.243711,
			40.963352
		],
		"picture": "https://rog-zone-vendors.s3.amazonaws.com/8_avatar_20190214161015.png",
		"agentCount": 24,
		"totalTransactions": 297,
		"totalMoneyGrossed": 75806315.82
	},
	{
		"name": "Willamette Valley",
		"address": "2668 Cascadia Industrial St SE Suite 150 Salem, OR 97302",
		"city": "Salem",
		"state": "OR",
		"phone": "503-990-7137",
		"cords": [
			-123.008066,
			44.89822
		],
		"picture": "https://rog-zone-vendors.s3.amazonaws.com/241627_avatar_20190620142337.png",
		"agentCount": 20,
		"totalTransactions": 45,
		"totalMoneyGrossed": 15949853
	},
	{
		"name": "Zoom",
		"address": "3461 Brookside Rd Stockton, CA 95219",
		"city": "Stockton",
		"state": "CA",
		"phone": "2098142011",
		"cords": [
			-121.355404,
			37.985449
		],
		"picture": "",
		"agentCount": 10,
		"totalTransactions": 1,
		"totalMoneyGrossed": 545000
	}
]